Zones,Total,Ser,Minor,VKT,LN_PO,P_YP,P_INC1,P_Cycle,P_Res,P_Coma,Index,Trams,T_Sig,Bus,Schol,Speed
POA3000,742,210,532,5.3545,9.934,7.015,39.059,1.779,5.9256,88.9491,0.2467,97,97,61,4,40.8487
POA3002,142,36,104,4.393,8.458,6.81,20.123,5.045,40.8978,22.1814,0.6569,20,25,10,0,53.3333
POA3003,171,58,111,5.3398,8.228,9.589,25.601,5.562,10.399,8.1444,0.7608,9,35,42,1,57.8641
POA3004,299,76,222,5.8438,8.954,7.845,18.744,2.606,5.557,21.0713,0.5629,44,44,22,2,54.0449
POA3005,19,5,14,2.9047,6.54,10.983,18.919,2.663,0,78.6915,0.3412,4,7,1,0,52
POA3006,222,71,150,5.6907,9.333,7.202,20.654,1.983,31.6155,54.4793,0.5661,31,62,15,1,61
POA3008,74,18,55,3.972,8.536,7.947,20.173,1.688,0.2184,77.4733,0.3253,23,29,17,0,49.4872
POA3010,37,14,23,3.2115,7.324,18.326,0,7.396,1.7059,0,0.3945,5,8,6,0,55.8333
POA3011,238,76,161,5.0424,9.801,16.418,41.502,4.845,52.0086,12.8226,0.7811,15,42,107,7,50.5556
POA3012,209,74,130,6.1155,10.049,20.132,42.59,3.356,35.7839,1.7797,0.5902,1,43,132,3,57.3743
POA3013,90,31,59,4.1937,9.529,21.481,31.69,4.437,54.6631,1.7618,0.6641,0,23,70,5,50.8247
POA3015,102,27,75,5.7899,9.69,23.129,31.109,2.653,47.7715,1.7144,0.7626,0,29,90,6,51.0407
POA3016,78,30,48,0.3497,9.599,25.531,32.827,3.029,46.3553,2.8417,0.7855,0,8,69,5,47.5325
POA3018,99,36,62,5.719,9.374,18.618,43.675,1.148,23.0043,19.7488,0.7515,0,7,71,5,50.6186
POA3019,47,20,27,3.5292,9.009,25.819,58.741,0.938,49.6811,24.1398,0.7301,0,10,43,6,48.8393
POA3020,366,113,247,6.3121,10.61,22.019,52.45,0.828,53.409,4.3924,0.6631,0,75,242,18,51.7751
POA3021,304,112,187,5.6223,10.855,23.629,53.664,0.214,74.03,1.5859,0.5116,0,23,193,18,48.2216
POA3022,32,13,19,4.1846,7.946,20.687,55.227,0.585,55.6484,0.4057,0.5656,0,10,13,2,53.1111
POA3023,237,86,149,6.0257,10.928,29.359,31.934,0.285,66.1044,7.8356,0.6034,0,30,152,13,53.7288
POA3024,101,37,64,5.8377,9.798,31.146,33.056,0.311,8.7509,3.0389,0.3091,0,7,69,4,59.7315
POA3025,109,35,74,5.4563,9.34,22.093,53.326,1.501,25.0485,1.4082,0.7916,0,31,107,3,51.9915
POA3026,124,39,83,5.8788,4.511,6.593,72.34,0,0,2.8556,0.231,0,16,42,0,68.3636
POA3027,38,12,23,5.5261,8.078,26.869,19.124,0.485,16.4727,1.9146,0.5905,0,13,10,0,67
POA3028,100,38,61,5.2009,10.232,23.44,39.728,0.449,58.3353,1.9691,0.5797,0,9,73,8,49.7661
POA3029,344,118,222,5.8587,11.134,29.164,32.23,0.332,39.7052,1.1936,0.5531,0,48,240,20,57.1525
POA3030,345,130,205,6.48,11.261,28.717,31.831,0.485,33.4513,36.8132,0.7071,0,58,317,22,59.5122
POA3031,120,32,87,4.8478,9.755,18.759,37.185,6.948,36.7325,5.3545,0.738,22,24,25,6,46
POA3032,191,55,134,4.7192,10.14,19.927,33.008,3.524,46.8304,7.2467,0.7632,56,40,74,8,49.4839
POA3033,75,27,47,5.6922,9.492,21.02,41.683,0.699,48.7793,1.1953,0.6012,0,19,46,4,57.6344
POA3034,26,6,20,0,9.305,18.482,45.687,0.522,67.9543,2.9827,0.4463,0,8,46,2,47.7358
POA3036,55,20,34,5.8379,8.673,23.053,33.447,0.248,27.7594,0.7679,0.4294,0,3,34,3,63.6047
POA3037,106,35,68,4.8117,10.755,31.45,29.292,0.146,74.6248,1.2094,0.4392,0,16,141,9,56.7249
POA3038,80,22,57,3.5329,10.246,24.899,32.055,0.152,75.8664,2.9909,0.4704,0,27,120,7,54.8485
POA3039,81,28,52,4.8932,9.513,20.486,32.075,2.868,70.728,9.2805,0.5123,25,20,60,3,48.0342
POA3040,157,26,130,4.5294,10.08,22.75,32.371,1.837,78.6541,4.0402,0.3993,24,31,114,10,48.125
POA3041,116,35,81,6.2249,9.335,25.154,32.1,1.455,45.6032,1.8551,0.5523,8,17,56,5,55.1613
POA3042,119,41,78,5.1813,9.573,20.707,42.456,0.653,61.5473,10.2161,0.6416,12,19,87,4,53.7013
POA3043,202,63,137,6.3976,9.761,20.594,43.028,0.57,46.11,23.431,0.6862,0,48,71,5,60.3306
POA3044,166,48,113,5.3592,10.103,22.85,39.536,1.997,87.1848,1.1641,0.2879,9,23,99,6,49.8492
POA3045,78,25,50,4.5175,4.956,17.606,30,0,12.8971,0.3625,0.3989,0,7,4,0,74.6296
POA3046,172,58,113,4.9529,10.335,22.19,48.92,0.843,65.2405,3.1071,0.5575,0,16,139,10,48.3117
POA3047,242,58,180,5.172,9.852,28.988,62.626,0.645,47.056,27.9139,0.7135,0,41,130,13,47.6824
POA3048,81,26,52,4.2912,9.804,32.534,56.562,0.34,60.6545,5.5164,0.5983,0,9,104,4,56.129
POA3049,26,9,17,4.1529,9.081,23.95,34.509,0.285,31.4228,20.413,0.7352,0,7,42,1,53.6842
POA3051,121,42,79,4.5734,9.372,15.125,39.637,7.54,64.8118,4.3977,0.5661,34,29,16,4,53.0337
POA3052,118,41,76,4.5197,8.45,11.77,29.939,10.088,19.6008,4.6051,0.6869,27,18,19,3,50.1887
POA3053,196,59,135,4.4672,9.511,12.347,50.701,7.96,68.1838,13.83,0.5236,19,35,37,3,48.1333
POA3054,118,32,85,2.9172,9.024,13.139,28.525,15.996,56.0548,2.1095,0.4603,20,11,19,3,46.9811
POA3055,92,25,67,4.0504,9.484,15.971,39.785,8.375,85.7993,2.246,0.3096,20,12,55,3,44.3182
POA3056,310,87,221,4.1549,10.033,13.688,34.175,13.929,65.5161,11.6401,0.5566,36,25,84,4,42.1404
POA3057,87,24,62,3.2621,9.045,13.815,34.585,13.517,66.9406,6.5696,0.5366,19,11,31,3,42.8986
POA3058,284,71,211,5.0829,10.359,20.447,40.034,5.931,61.5065,3.4337,0.625,40,45,148,12,44.8485
POA3059,40,10,30,3.4989,9.39,28.841,23.442,0.078,31.8933,2.0565,0.4846,0,5,52,2,61.9565
POA3060,76,26,49,4.7834,9.441,24.786,55.553,0.988,73.0577,3.5518,0.4761,0,9,78,6,46.6667
POA3061,153,53,99,5.3823,8.606,26.962,60.998,0.638,10.7259,5.6633,0.4361,0,16,44,1,57.9661
POA3062,25,11,14,3.0845,1.099,0,0,0,0,3.0431,0.2142,0,5,10,0,70.4762
POA3063,35,14,20,4.5912,6.521,22.68,34.969,0,1.8324,5.9651,0.169,0,2,5,3,70.7143
POA3064,232,72,156,5.6209,10.881,33.163,33.203,0.14,16.2477,4.9417,0.4246,0,21,166,14,57.037
POA3065,156,47,109,3.6908,9.152,13.807,36.886,11.32,67.5006,28.1216,0.4181,29,15,14,3,40.8392
POA3066,126,45,81,4.3889,8.774,15.479,41.663,11.21,48.1979,23.6136,0.666,8,22,12,3,42.6984
POA3067,116,29,85,3.2631,8.498,12.9,28.774,9.614,32.026,24.8448,0.8251,7,22,15,2,42.8571
POA3068,254,86,167,5.0778,9.757,16.326,29.04,15.16,70.2512,5.7602,0.4579,32,35,57,8,46.8812
POA3070,161,47,112,4.5325,10.04,19.603,32.584,12.017,76.9694,5.8255,0.4545,29,33,81,6,46.7516
POA3071,105,37,65,4.0131,9.766,18.297,39.36,8.238,71.6618,3.4897,0.5171,19,16,61,8,45.8904
POA3072,349,92,256,5.5285,10.306,20.341,43.008,4.329,66.0013,8.0725,0.5969,41,58,158,10,48.1873
POA3073,246,63,181,5.2192,10.771,19.649,50.233,1.471,75.9865,4.4208,0.4854,12,30,324,14,47.7737
POA3074,201,56,142,6.2376,9.92,21.543,53.939,0.302,42.3058,6.7583,0.7211,0,48,114,9,55.5856
POA3075,121,37,79,4.9266,9.897,22.814,53.111,0.298,52.7492,2.9848,0.5992,0,13,81,8,50.8553
POA3076,182,50,130,4.9854,10.179,26.759,37.149,0.146,41.8711,4.9091,0.6685,0,24,129,9,50.4461
POA3078,106,31,75,4.3039,9.264,21.348,33,8.326,42.4399,3.125,0.745,0,15,63,4,50.3205
POA3079,69,16,50,4.3967,9.606,23.653,29.611,2.892,71.5803,2.0918,0.48,0,18,71,7,47.2381
POA3081,76,28,48,4.7207,9.506,21.919,51.614,1.985,62.1645,2.9838,0.6462,0,18,104,2,52.2018
POA3082,98,33,62,4.6959,10.326,25.585,33.659,0.292,69.3157,9.1818,0.5473,0,13,152,6,53.0189
POA3083,161,43,117,5.2256,10.242,20.199,41.57,0.674,51.6991,2.5893,0.7397,24,33,108,9,54.9296
POA3084,212,52,160,4.8824,10.097,22.285,32.457,1.462,66.7602,2.1917,0.532,0,31,100,10,51.9333
POA3085,50,18,31,3.2458,9.528,23.426,34.08,1.611,53.2203,1.0398,0.6653,0,7,56,3,47.9688
POA3086,20,6,14,2.4751,6.911,12.662,0,0,0,0.2094,0.4203,3,4,21,0,57.6
POA3087,41,11,30,4.401,9.103,22.373,38.411,0.692,84.8678,1.8002,0.3043,0,9,52,3,52.0968
POA3088,115,22,92,5.2002,10.184,23.416,31.733,0.481,80.3111,2.9088,0.4177,0,25,123,11,50.9694
POA3089,47,18,29,4.2387,9.35,28.503,23.125,0.304,93.4561,1.08,0.1686,0,7,24,4,55
POA3090,17,3,14,2.1962,7.646,31.39,19.549,0,72.3506,2.5451,0.368,0,0,18,0,53
POA3091,25,4,21,3.0815,7.32,27.881,24.679,0,80.8193,0.065,0.3249,0,1,17,2,65.2083
POA3093,7,2,4,4.6178,8.238,21.338,32.397,0.672,66.2278,1.3019,0.3929,0,5,13,1,55.1724
POA3094,20,5,14,2.2099,9.078,22.799,34.3,0.825,85.0138,2.1785,0.3386,0,2,29,4,47.3077
POA3095,98,27,69,4.7254,10.227,27.194,23.863,0.611,83.3958,1.5404,0.3543,0,11,88,11,50.6075
POA3096,10,4,6,3.0849,7.574,29.085,26.733,0.372,97.0678,0,0.0816,0,0,0,1,58.9474
POA3097,22,6,15,3.9935,7.166,28.494,29.076,0.638,74.1919,2.1807,0.3427,0,0,11,1,63.1081
POA3099,29,11,16,4.1003,8.492,26.138,29.63,0.293,34.7102,0.1134,0.3646,0,1,0,4,61.1333
POA3101,184,53,128,5.7052,10.081,22.022,23.364,2.965,73.2765,3.2174,0.4053,47,36,76,11,48.3333
POA3102,24,10,14,4.6777,8.702,25.794,27.691,2.31,49.4121,2.3609,0.6269,9,7,28,3,53.3962
POA3103,96,30,66,4.5586,9.637,23.403,32.727,1.185,90.1979,3.1515,0.2214,21,18,38,6,47.2632
POA3104,114,31,83,5.6004,9.919,25.885,28.816,0.992,80.4474,1.3133,0.337,13,22,98,7,50.597
POA3105,56,21,34,4.9399,9.294,20.068,41.17,0.393,57.7879,1.3904,0.5748,0,10,56,3,55.5385
POA3106,57,20,35,4.8446,9.71,21.56,27.76,0.211,63.6942,1.4147,0.5109,0,9,115,3,61.2903
POA3107,52,17,35,3.5488,9.484,20.111,35.583,0.395,78.7535,1.8461,0.395,0,11,63,4,52.7273
POA3108,141,43,97,5.4867,9.818,18.404,40.404,0.456,82.4236,3.8952,0.3597,0,23,106,4,55.1613
POA3109,116,41,74,5.4362,10.205,21.733,36.931,0.37,84.1471,4.3491,0.3458,0,19,142,6,52.3729
POA3111,40,13,26,5.3252,9.375,22.952,30.937,0.306,89.3693,0.5892,0.2385,0,6,55,5,60.8411
POA3113,51,17,34,4.3434,9.045,28.303,22.661,0.342,71.0231,0.6955,0.3525,0,3,76,3,56.5385
POA3114,8,3,5,3.118,8.221,28.752,21.206,0,90.7698,1.1494,0.2108,0,0,24,2,54.8276
POA3115,20,7,13,4.0261,8.251,28.255,17.129,0.239,57.6323,0.574,0.3862,0,0,30,1,60.3226
POA3116,50,12,38,4.1466,9.119,23.912,34.03,0.105,29.5981,1.6136,0.4505,0,6,50,2,62.0988
POA3121,384,113,268,5.58,10.17,12.982,29.563,6.245,50.3523,18.6789,0.7477,69,56,11,6,43.494
POA3122,148,57,90,4.8821,9.961,17.203,29.053,3.303,70.9821,8.3994,0.5318,52,27,17,7,46.7045
POA3123,70,24,46,4.561,9.481,19.653,26.646,2.829,74.3644,11.9905,0.4601,21,25,18,5,45.3285
POA3124,158,40,118,5.1125,9.905,24.09,24.833,2.157,85.7563,4.6152,0.2968,58,27,57,4,46.8421
POA3125,113,24,89,4.9755,9.485,19.837,43.446,0.902,64.4834,2.4636,0.6211,22,23,61,5,49.5
POA3126,57,21,36,2.2198,8.969,24.004,23.474,1.765,88.9623,3.0747,0.2511,7,11,20,5,44.7
POA3127,92,29,61,4.4676,9.803,24.772,26.689,1.517,89.0986,3.7691,0.2516,17,19,61,5,49.6939
POA3128,134,41,92,4.4925,9.762,19.476,42.188,1.158,67.3236,6.9844,0.591,4,27,142,5,48.1061
POA3129,66,17,49,4.0069,9.684,22.668,38.206,1.257,84.3743,0.689,0.3222,0,10,86,5,50.4545
POA3130,158,46,111,4.9548,10.322,23.766,36.973,1.114,79.0473,3.5985,0.4511,0,29,169,11,50.8268
POA3131,159,40,118,5.5442,9.952,22.142,42,0.67,76.631,8.8479,0.4402,1,25,122,4,52.9452
POA3132,79,23,53,4.3116,9.603,23.118,34.877,0.855,74.4104,4.4726,0.5039,0,16,91,5,53.6667
POA3133,100,30,67,4.6622,9.967,22.875,34.331,0.676,74.1218,2.4452,0.5012,4,15,98,9,51.1268
POA3134,223,62,159,5.937,10.345,24.527,35.906,0.435,79.0127,4.0884,0.4448,0,40,202,12,53.2986
POA3135,143,46,94,4.648,9.852,23.065,37.696,0.81,83.3338,1.6548,0.3633,0,23,54,7,53.2075
POA3136,221,66,153,5.3773,10.62,23.46,39.324,0.453,78.774,3.1929,0.4399,0,30,207,13,53.0736
POA3137,66,19,47,4.6473,9.48,24.786,41.362,0.52,73.124,2.1381,0.4382,0,11,81,4,57.6147
POA3138,87,23,63,3.206,9.937,25.985,35.257,0.289,85.4097,3.0032,0.3296,0,9,67,10,51.4557
POA3139,132,56,73,5.8091,9.514,28.01,39.268,0.217,48.3919,1.2948,0.4071,0,4,50,8,67.7062
POA3140,117,31,86,5.1607,9.658,25.631,38.895,0.47,67.4046,5.8141,0.572,0,13,105,8,57.4286
POA3141,223,50,171,4.5633,9.859,10.562,26.683,4.767,59.6689,12.1286,0.6131,43,32,34,6,44.3949
POA3142,104,29,75,4.1728,9.463,15.143,24.657,2.421,90.9018,1.869,0.2226,32,18,23,4,47.5806
POA3143,61,13,48,4.2674,9.078,16.336,28.559,2.123,82.8988,9.003,0.3289,41,12,22,2,48.3582
POA3144,116,27,89,4.9005,9.24,22.026,24.152,1.966,83.4726,5.004,0.3363,41,21,8,4,49.3151
POA3145,213,55,157,5.8362,9.967,22.849,30.174,1.867,67.6389,5.7556,0.5251,17,42,97,6,54.1489
POA3146,215,54,160,5.3063,10.125,23.777,25.094,2.481,82.7604,2.1313,0.3497,35,48,55,6,54.2675
POA3147,70,24,46,3.4501,9.521,24.54,35.989,2.782,77.3513,2.8406,0.4374,0,12,56,7,44.3846
POA3148,77,20,57,5.0453,8.965,18.156,40.331,1.013,89.596,2.8101,0.2241,0,12,34,2,54.2
POA3149,161,44,114,6.2368,10.376,21.458,37.18,1.082,78.4717,10.827,0.3965,0,40,121,10,52.4891
POA3150,346,79,261,6.5552,10.973,21.508,35.754,0.567,75.1813,3.4355,0.4783,0,40,279,21,50.5932
POA3151,65,17,45,2.9767,9.224,18.341,42.579,0.658,71.4984,9.9725,0.5262,13,10,52,5,59.7059
POA3152,187,50,135,6.2566,10.349,21.51,34.306,0.428,56.6873,6.3094,0.6313,0,36,176,12,60.2162
POA3153,162,37,123,5.3086,9.886,22.21,41.256,0.701,53.0262,3.1233,0.5837,0,26,132,6,56.0588
POA3154,21,8,13,3.7174,8.35,25.443,31.356,0.161,76.6248,1.2897,0.4014,0,2,15,3,54.3182
POA3155,114,30,83,3.7662,9.944,21.234,42.358,0.56,76.2619,5.4574,0.4901,0,15,116,5,51
POA3156,221,68,152,5.8087,10.482,25.278,34.25,0.449,44.7044,13.8391,0.6667,0,24,176,11,55.8765
POA3158,28,10,18,0,8.849,25.991,29.751,0.262,79.6041,1.3923,0.4016,0,3,32,3,52
POA3159,35,11,24,4.7833,7.853,28.255,27.61,0.48,82.8648,4.9556,0.3371,0,0,16,2,54.507
POA3160,82,21,59,4.1517,9.115,26.897,33.057,0.4,81.3602,0.6066,0.3011,0,5,74,5,51.3684
POA3161,129,42,87,4.7008,9.586,20.337,28.574,2,89.8465,1.9994,0.2202,40,20,34,4,50.9402
POA3162,120,35,84,4.4781,9.707,21.838,33.102,1.572,86.5982,3.6939,0.2975,36,10,48,4,49.717
POA3163,191,52,138,4.7813,10.294,18.14,37.68,1.761,86.6431,3.7079,0.2932,17,20,106,5,50.3846
POA3165,109,35,73,4.9829,10.163,24.541,36.248,1.187,86.159,2.4274,0.3291,0,19,141,8,49.9315
POA3166,165,49,116,5.0756,10.014,21.006,36.715,1.6,75.0882,4.2499,0.4511,0,22,128,7,52.3529
POA3167,98,24,72,4.3684,9.12,20.941,39.269,1.173,41.3329,0.6007,0.6959,0,15,76,3,53.8462
POA3168,185,59,124,5.0695,9.735,13.835,46.655,1.217,50.7787,25.8346,0.6782,0,24,84,2,54.878
POA3169,98,26,71,4.7122,9.857,19.477,44.085,0.752,43.4823,1.4552,0.7085,0,19,101,5,51.3433
POA3170,141,48,93,5.883,9.778,20.746,36.25,0.402,64.6287,23.5137,0.5333,0,23,110,5,63.5
POA3171,200,63,135,4.8254,9.892,21.344,54.123,0.534,46.6066,5.798,0.772,0,30,86,7,50.4636
POA3172,162,49,109,5.787,10.015,24.418,43.269,0.493,42.7794,0.9017,0.7253,0,24,143,6,60.2273
POA3173,154,51,102,6.0964,9.898,25.175,38.606,0.372,51.4289,3.521,0.5805,0,26,82,6,62.7778
POA3174,244,76,164,5.1238,10.485,21.936,53.141,0.484,76.4083,8.8027,0.4685,0,26,124,11,50.6504
POA3175,748,237,504,7.0681,10.779,23.678,54.53,0.478,23.4849,16.6594,0.7657,0,101,330,15,62.0665
POA3177,69,23,44,5.4243,9.236,25.441,60.573,0.654,64.7629,4.5234,0.622,0,13,46,2,52.4658
POA3178,138,36,101,5.3312,10.457,28.746,25.626,0.253,52.5593,11.043,0.686,0,22,159,6,57.7311
POA3179,38,10,28,4.9463,8.681,25.238,31.609,0.312,28.4891,22.065,0.7766,0,10,54,3,56.1017
POA3180,61,11,50,0,8.873,23.249,36.891,0.576,48.3325,9.0322,0.7072,0,5,60,2,52.0455
POA3181,277,82,193,3.7241,9.813,10.31,31.776,4.327,74.9985,17.3086,0.4062,51,21,33,4,48.4932
POA3182,242,72,168,5.2396,9.935,8.825,31.523,4.976,61.3615,11.018,0.5479,60,37,40,3,45.4913
POA3183,125,32,92,3.8268,9.796,17.795,32.619,4.617,88.1118,2.3315,0.2608,21,18,29,6,43.8068
POA3184,56,21,35,4.1995,9.591,15.009,26.097,5.699,77.4719,3.4791,0.3968,5,21,39,4,46.5789
POA3185,102,30,70,3.4952,9.411,21.735,33.11,2.991,88.471,8.1369,0.2312,17,14,63,4,46.1538
POA3186,186,64,121,5.0188,9.964,23.15,25.527,2.653,83.9388,3.3489,0.3134,0,30,111,8,50.1581
POA3187,108,30,76,4.8279,9.669,24.832,30.224,1.864,81.7645,1.3148,0.3206,10,12,53,4,53.3125
POA3188,88,32,55,4.1822,9.734,26.76,33.333,1.982,86.263,3.0338,0.2785,0,13,85,4,49.6269
POA3189,85,22,63,4.5658,8.572,20.897,39.298,1.688,34.6708,3.354,0.6145,0,7,55,5,53.6
POA3190,73,16,56,4.4445,9.236,23.512,37.118,2.121,74.3751,7.149,0.4872,0,12,64,1,52.4096
POA3191,46,15,30,3.5174,9.139,24.911,30.193,2.564,74.6558,4.4699,0.4548,0,8,45,4,49.802
POA3192,126,42,81,5.0061,9.918,21.531,41.179,1.406,62.568,12.2818,0.6138,0,23,122,6,53.5294
POA3193,86,36,49,3.4974,9.84,24.317,28.957,1.562,80.1406,1.1917,0.345,0,14,100,5,51.35
POA3194,107,30,77,4.6563,9.365,20.031,39.505,1.15,45.9508,4.9261,0.5852,0,22,68,8,47.9577
POA3195,215,64,149,5.1066,10.437,25.74,33.221,1.085,62.5472,12.1198,0.6516,0,33,135,11,55.1389
POA3196,142,49,92,3.9525,10.069,21.17,42.406,0.809,63.9206,16.1323,0.5876,0,18,116,5,54.3636
POA3197,41,16,25,4.5729,9.323,22.169,39.504,0.237,71.6931,15.4862,0.4831,0,5,57,2,55.6522
POA3198,152,53,99,6.0074,9.682,21.007,48.875,0.719,47.3012,12.4683,0.7869,0,16,84,8,57.6331
POA3199,370,126,238,6.2949,10.871,22.586,47.65,0.506,71.84,7.2137,0.5299,0,43,298,18,55.2273
POA3200,45,14,30,4.5051,8.635,23.356,63.205,0.843,41.4434,12.7576,0.7447,0,2,38,3,50.1923
POA3201,107,34,71,4.7339,9.859,27.1,39.936,0.296,40.7981,25.6346,0.7398,0,12,101,4,60.7087
POA3202,55,14,40,3.166,7.926,28.577,28.246,0.761,32.3088,8.6062,0.529,0,6,37,1,64.7619
POA3204,162,40,120,4.4271,10.247,24.974,33.504,1.783,86.7197,4.5451,0.2939,0,21,95,10,48.125
POA3205,159,49,110,4.5296,9.14,14.221,33.225,5.062,50.8661,23.8158,0.6028,32,35,19,2,51.7347
POA3206,115,38,77,4.3624,9.212,18.349,26.387,5.919,41.1338,3.1285,0.4909,34,28,21,4,48.8776
POA3207,191,57,133,5.4067,9.583,14.544,26.646,5.358,19.1886,13.246,0.8118,5,55,96,2,54.5876
POA3211,24,14,8,4.4907,7.239,27.064,33.333,0,2.2251,7.1509,0.227,0,0,1,1,76.3953
POA3212,0,0,0,0,9.557,26.912,35.228,0.39,0,66.5158,0.3276,0,0,0,0,0
POA3335,97,39,53,5.4691,7.474,21.408,47.767,0,1.6266,0.1002,0.0739,0,0,9,1,0
POA3337,177,58,114,5.9638,10.37,28.777,41.5,0.168,10.9267,2.4827,0.3526,0,12,173,12,0
POA3338,78,30,46,4.7738,9.668,26.685,45.06,0.141,15.5391,1.8663,0.3798,0,6,63,6,0
POA3340,0,0,0,0,9.798,27.658,40.528,0.379,0,2.3665,0.0575,0,0,0,0,0
POA3427,34,10,23,4.6927,7.73,23.429,40.667,0,16.413,0.0026,0.2589,0,0,14,1,0
POA3428,22,12,10,4.2821,6.479,23.195,34.104,0,11.426,0.0567,0.224,0,3,0,0,0
POA3429,122,43,78,5.5306,10.451,27.268,33.267,0.139,18.3031,1.4555,0.34,0,12,216,13,0
POA3430,0,0,0,0,6.071,24.711,38.333,0,0,0,0,0,0,0,0,0
POA3431,0,0,0,0,8.23,28.351,27.783,0,0,0,0,0,0,0,0,0
POA3437,0,0,0,0,9.071,28.811,29.158,0.145,0,0,0,0,0,0,0,0
POA3658,0,0,0,0,8.671,25.544,46.989,0.385,0,0.0619,0.0027,0,0,0,0,0
POA3713,0,0,0,0,6.89,15.479,69.972,1.087,0,0,0,0,0,0,0,0
POA3723,0,0,0,0,7.996,26.887,57.377,0.313,0,0,0,0,0,0,0,0
POA3750,39,11,27,4.5589,6.232,19.646,31.056,0,7.1878,0.0294,0.1507,0,5,2,0,0
POA3751,12,5,7,2.8805,5.82,17.211,36.364,0,2.3528,0,0.0677,0,0,0,0,0
POA3752,70,29,39,3.4608,9.946,31.642,26.13,0.184,45.2662,6.0045,0.6201,0,12,76,3,0
POA3753,7,6,1,0,6.771,24.885,27.826,0,31.7211,0,0.3315,0,0,0,0,0
POA3754,61,19,42,3.2561,9.786,32.233,20.265,0.166,41.9274,0.4311,0.398,0,5,69,6,0
POA3755,18,5,13,2.8928,5.7,22.408,45.333,0,1.1004,51.6899,0.4109,0,0,12,0,0
POA3756,0,0,0,1.9412,9.133,31.864,30.935,0,0,0,0.006,0,0,0,0,0
POA3757,41,13,24,3.7664,8.985,27.799,36.763,0.299,19.7226,27.4773,0.6529,0,1,32,3,0
POA3759,7,2,5,2.199,7.054,29.102,25.152,0,87.2079,0.3982,0.2173,0,0,0,1,0
POA3760,2,0,2,0,5.969,26.343,33.929,0,61.9911,15.4554,0.514,0,0,0,0,0
POA3761,21,7,14,1.892,7.037,29.262,26.984,0.704,51.6599,0.0296,0.3761,0,0,0,1,0
POA3763,6,0,6,0,7.206,29.696,41.353,0,0.0019,0,0.0001,0,0,0,0,0
POA3765,43,15,28,4.26,8.815,25.427,34.171,0.11,74.2667,2.9644,0.43,0,4,40,3,0
POA3766,6,3,3,3.5539,7.097,23.924,31.854,0,70.9008,0.0282,0.3509,0,0,16,0,0
POA3767,11,4,6,0,7.12,24.091,36.658,0.673,54.9612,0.0352,0.3746,0,0,35,1,0
POA3770,48,27,19,4.6916,8.067,26.215,31.71,0,17.4093,0.0562,0.2846,0,1,20,3,0
POA3775,46,20,24,3.8353,8.158,27.163,37.313,0,28.187,11.3158,0.4771,0,1,6,3,0
POA3777,101,42,57,4.9021,9.243,24.62,47.986,0.273,21.9475,47.5135,0.5578,0,3,48,6,0
POA3778,0,0,0,-2.6379,6.161,17.511,58.282,0,0,0.002,0.0004,0,0,0,0,0
POA3781,46,18,26,3.5681,8.389,30.273,33.202,0.17,31.9421,1.4001,0.3883,0,0,22,1,0
POA3782,67,23,43,3.9296,8.958,26.174,34.338,0,50.1737,31.5568,0.55,0,2,34,4,0
POA3783,40,14,24,4.4223,7.673,27.362,38.24,0,7.1752,0.0388,0.1374,0,0,14,1,0
POA3785,11,4,7,0,0,0,0,0,0.9584,0.1227,0.036,0,0,5,0,0
POA3786,12,7,5,2.3705,7.336,25.081,28.601,0.477,52.8381,0.1052,0.4095,0,0,12,1,0
POA3787,17,4,13,2.8806,7.043,23.581,28.771,0.599,73.7906,0.5096,0.4038,0,0,13,2,0
POA3788,25,8,16,3.8119,7.416,22.309,35.304,0.618,20.4772,27.7384,0.6349,0,0,32,1,0
POA3789,7,1,6,1.6457,5.591,20.149,34.066,0,8.0713,0.0327,0.2142,0,0,9,1,0
POA3791,12,2,10,3.4308,7.351,23.507,36.049,0.49,63.9725,0.5625,0.3673,0,0,4,0,0
POA3792,6,1,5,1.2124,6.945,25.915,31.949,0,95.4508,0.1054,0.1312,0,0,9,1,0
POA3793,30,9,20,2.6442,8.148,24.74,43.309,0.225,87.6704,0.6864,0.2688,0,2,15,4,0
POA3795,15,6,9,0,7.107,27.869,42.818,0.686,69.839,1.6776,0.3599,0,0,10,1,0
POA3796,45,18,26,1.8161,9.146,28.846,32.326,0.278,85.2139,1.8116,0.3234,0,7,41,4,0
POA3797,41,18,22,4.0771,8.072,26.015,50.417,0.378,12.0751,0.2912,0.2154,0,2,16,5,0
POA3799,82,36,45,4.6935,8.702,25.403,59.673,0.566,2.6962,16.5637,0.2959,0,2,40,3,0
POA3800,12,5,7,0,6.702,14.373,0,3.191,0.1419,0.5725,0.3759,0,4,24,1,0
POA3802,120,33,85,5.3889,10.109,24.941,35.404,0.082,56.3673,2.4057,0.5498,0,7,104,9,0
POA3803,137,33,103,5.5219,9.226,25.517,42.188,0.552,44.9275,0.4927,0.5544,0,13,49,2,0
POA3804,69,24,41,4.9805,8.81,28.013,21.608,0.108,67.1323,2.4865,0.3991,0,8,22,2,0
POA3805,292,77,212,6.0724,10.906,32.122,31.372,0.137,75.3076,8.2658,0.4826,0,30,230,12,0
POA3806,259,66,190,5.905,10.727,30.142,29.536,0.14,68.218,2.6445,0.5148,0,28,192,14,0
POA3807,38,16,20,4.2373,8.823,32.356,28.765,0.137,76.859,2.6201,0.3893,0,5,26,2,0
POA3808,14,3,11,2.4793,7.999,28.082,23.262,0,87.5017,2.2822,0.2332,0,0,0,1,0
POA3809,32,11,20,4.2081,7.474,26.86,24.44,0,22.9095,0.2388,0.354,0,5,26,3,0
POA3810,203,67,132,5.9155,10.472,30.001,38.958,0.234,32.8798,3.0686,0.5034,0,20,177,9,0
POA3812,24,7,12,4.8509,7.727,27.237,34.921,0,8.7782,0.4296,0.1894,0,0,3,2,0
POA3813,16,7,9,4.0814,7.008,29.14,36.877,0,0.8365,0.5006,0.0555,0,0,3,1,0
POA3814,15,3,12,1.2382,7.559,29.927,44.349,0,3.9001,1.6055,0.1497,0,0,3,1,0
POA3815,27,9,17,2.5894,7.977,28.262,39.976,0.272,5.3065,0.7471,0.1558,0,0,5,2,0
POA3816,0,0,0,0,7.587,27.028,45.923,0.417,2.743,0,0.0646,0,0,0,0,0
POA3818,0,0,0,0,9.4,25.635,49.785,0.261,0,0,0,0,0,0,0,0
POA3833,0,0,0,0,5.759,19.243,70.435,0,0,0,0,0,0,0,0,0
POA3910,104,30,72,5.46,9.97,27.767,34.233,0.085,67.2312,2.1053,0.4559,0,15,90,5,0
POA3911,38,10,27,5.4753,8.093,24.671,40.02,0.292,92.5667,1.1614,0.1877,0,3,26,3,0
POA3912,99,45,51,4.9054,9.589,26.945,36.992,0.148,59.5296,0.77,0.4209,0,3,45,5,0
POA3913,31,4,25,4.2756,8.103,27.223,38.03,0.215,53.5023,2.0856,0.4815,0,1,13,3,0
POA3915,76,24,50,5.413,9.108,25.584,56.671,0.706,22.7152,1.6752,0.417,0,3,27,4,0
POA3916,1,1,0,3.1485,6.373,20.137,34.911,2.139,43.8066,0.7326,0.5207,0,0,4,0,0
POA3918,10,4,5,3.743,8.125,28.538,38.016,0.38,61.9918,0.0933,0.4548,0,1,8,1,0
POA3919,13,4,8,2.7935,7.951,26.418,45.596,0.619,29.4279,19.3362,0.7184,0,0,11,2,0
POA3920,8,2,6,0,6.989,24.608,16.049,1.151,0.1807,0,0.0247,0,0,1,0,0
POA3926,31,15,16,4.4823,8.101,23.287,41.567,0.599,42.6889,1.1344,0.4411,0,0,5,1,0
POA3927,2,1,1,2.2269,7.263,22.985,36.774,0,52.4579,3.4975,0.5438,0,0,21,2,0
POA3928,9,6,3,3.8875,6.151,23.881,33.103,0,47.4278,0,0.3555,0,0,0,0,0
POA3929,11,3,7,2.1948,6.757,17.093,38.462,0,3.2701,0.151,0.1267,0,0,5,0,0
POA3930,67,25,40,4.6925,9.755,27.018,30.565,0.358,78.5978,1.5843,0.3866,0,7,30,7,0
POA3931,159,40,118,5.0068,10.018,22.393,48.363,0.505,64.4225,6.4273,0.6098,0,9,118,7,0
POA3933,31,15,16,5.4046,6.935,24.027,28.519,0.732,48.8381,0.371,0.4159,0,0,0,1,0
POA3934,64,24,38,4.5899,9.746,27.401,35.848,0.341,59.7695,4.7322,0.5144,0,5,65,3,0
POA3936,79,26,50,5.175,9.107,19.581,54.351,0.457,31.6691,1.5525,0.444,0,2,59,3,0
POA3937,26,7,18,2.2394,7.551,23.542,32.793,0,52.8473,0.0863,0.3854,0,0,3,1,0
POA3938,16,7,9,2.9137,7.841,16.201,48.97,1.138,52.6833,1.1473,0.4555,0,2,18,0,0
POA3939,120,35,84,4.8392,9.519,20.071,61.824,0.678,41.8294,1.5135,0.4469,0,8,80,4,77.0866
POA3940,35,7,27,3.4224,8.429,16.161,74.076,0.74,57.277,0.3554,0.6253,0,6,31,1,57.6676
POA3941,55,13,42,3.1797,9.368,21.854,56.932,0.357,83.7333,1.3043,0.3187,0,5,83,2,59.6629
POA3942,13,5,7,2.1006,7.678,17.584,54.695,0.636,77.5052,0.141,0.3325,0,1,26,0,0
POA3943,20,9,10,3.0996,7.278,10.635,55.357,0.855,66.0831,1.6538,0.4543,0,0,45,2,0
POA3944,3,1,2,2.124,6.1,8.52,26.718,0,32.3107,0.1237,0.5772,0,1,18,0,0
POA3975,29,8,21,4.8242,9.364,30.602,19.8,0.06,90.2175,5.3094,0.2152,0,4,21,3,0
POA3976,167,36,130,3.8091,10.076,30.694,40.666,0.149,58.2388,12.6407,0.5889,0,6,102,6,0
POA3977,430,143,284,6.0282,11.119,29.375,36.196,0.154,32.2721,0.8302,0.4143,0,35,254,22,0
POA3978,36,11,24,2.9286,7.105,26.519,35.072,0.584,5.7393,0.9459,0.1523,0,0,7,2,0
POA3980,18,5,13,3.8254,8.026,27.157,37.917,0,15.8987,1.6924,0.3351,0,1,23,1,0
POA3981,56,18,35,4.4558,8.357,28.203,44.034,0,2.0394,2.808,0.1385,0,1,2,4,0
POA3984,31,13,16,3.5807,8.468,22.257,62.146,0.608,0.996,1.2412,0.0997,0,1,2,1,0
POA3987,0,0,0,0,7.194,26.952,40.992,0.61,0,0,0,0,0,0,0,0
POA3988,0,0,0,0,6.797,27.486,48.288,0,0,0,0,0,0,0,0,0
